{
  "name": "inventory-sensor-improved",
  "version": "1.3.1",
  "title": "Improved Inventory Sensor",
  "description": "Shows inventory information of various entities.",
  "author": "hgschmie",
  "contact": "https://github.com/hgschmie/factorio-inventory-sensor-improved/issues/",
  "homepage": "https://github.com/hgschmie/factorio-inventory-sensor-improved",
  "factorio_version": "2.0",
  "dependencies": [
    "base >= 2.0.0"
  ],
  "package": {
    "git_publish_branch": "main",
    "readme": "README.md",
    "gallery": [ ".portal/screenshot-1.png", ".portal/screenshot-2.png", ".portal/screenshot-3.png" ],
    "sync_portal_details": true
  }
}
